{"cameraMode":{"drawMode":0,"name":"Shaded","section":"Shading Mode"},"sceneLighting":true,"audioPlay":false,"sceneViewState":{"m_AlwaysRefresh":false,"showFog":true,"showSkybox":true,"showFlares":true,"showImageEffects":true,"showParticleSystems":true,"showVisualEffectGraphs":true,"m_FxEnabled":true},"in2DMode":false,"pivot":{"x":-0.9698625802993774,"y":-2.391857385635376,"z":-0.46361199021339419},"rotation":{"x":0.21416133642196656,"y":-0.03808408975601196,"z":0.008356532081961632,"w":0.9760199785232544},"size":4.176260471343994,"orthographic":false}